<?xml version="1.0" encoding="UTF-8"?>

<applicationtype xmlns="http://jadex.sourceforge.net/jadex"
                 xmlns:env="http://jadex.sourceforge.net/jadex-envspace"
                 xmlns:xsi="http://www.w3.org/2001/XMLSchema-instance"
                 xsi:schemaLocation="http://jadex.sourceforge.net/jadex
	                    http://jadex.sourceforge.net/jadex-application-2.4.xsd
	                    http://jadex.sourceforge.net/jadex-envspace
	                    http://jadex.sourceforge.net/jadex-envspace-2.4.xsd"
                 name="Risk" >

    <imports>
        <import>jadex.extension.envsupport.environment.space2d.*</import>
        <import>jadex.extension.envsupport.environment.DeltaTimeExecutor</import>
        <import>jadex.extension.envsupport.dataview.*</import>
        <import>jadex.extension.envsupport.math.*</import>
        <import>jadex.extension.envsupport.observer.perspective.*</import>
        <import>jadex.extension.envsupport.evaluation.*</import>
        <import>jadex.extension.envsupport.observer.gui.plugin.*</import>
        <import>import java.awt.Color</import>
        <import>game.*</import>
        <import>agents.*</import>
        <import>jadex.bdi.planlib.*</import>
        


    </imports>
    
    <arguments>
  		<argument name="numberofplayers" class="Integer">2</argument>
  		<!-- <argument name="obj" class="Customer">new Customer("Sparky")</argument> -->
  		
	</arguments>

    <extensiontypes>
        <env:envspacetype name="2dspace" class="ContinuousSpace2D" width="60" height="30">
             <env:property name="border">Space2D.BORDER_RELAXED</env:property>
             <env:property name="numberofplayers" class="Integer">$args.numberofplayers</env:property>
             <env:property name="turnnumber" class="int">0</env:property>
             <env:property name="playerturn" class="int">0</env:property>
			 
			 
			 
			 
			 <env:objecttypes>

                <env:objecttype name="Territory">
                	<env:property name="territoryname" class="String"></env:property>
                	<env:property name="continentname" class="String"></env:property>
                    <env:property name="position" class="IVector2" event="false" dynamic="true"> new Vector2Int(0,0)</env:property>
					<env:property name="adjacentes" dynamic="true">
					
							</env:property>
                    <env:property name="index" class="int"></env:property>
                    <env:property name="army" class="Army" dynamic="true">new Army(null, 0)</env:property>
                    <env:property name="armySize" class="int" dynamic="true"></env:property>
                    <!-- <env:property name="size" class="IVector2" dynamic="false"></env:property> -->
                    <env:property name="textSize" class="Integer"></env:property>
                </env:objecttype>

                 <env:objecttype name="Player">
                     <env:property name="name" class="String">new String()</env:property>
                     <env:property name="index" class="int"></env:property>
                     <!-- <env:property name="color" class="String">new String()</env:property> -->
                 </env:objecttype>

            </env:objecttypes>


            <env:processtypes>
               <env:processtype name="start" class="RiskProcess"/>
            </env:processtypes>

            <env:avatarmappings>
                  <env:avatarmapping componenttype="Playerbdi" objecttype="Player" />
                  <env:avatarmapping componenttype="ReactAge" objecttype="Player" />
            </env:avatarmappings>


			<env:percepttypes>
			<env:percepttype name="territory_appeared" objecttype="Territory">
				<env:componenttypes>
				<env:componenttype name="ReactAge"/>
				</env:componenttypes>
			</env:percepttype>
				
			<env:perceptgenerator name="visiongen" class="DefaultVisionGenerator">
					<env:property name="maxrange">500</env:property>
					<env:property name="range_property">"vision_range"</env:property>
					<!-- percept types are declared with associated action types: 
						percepttype, actiontype1, actiontype2, ... -->
					<env:property name="percepttypes">
						new Object[]
						{
							new String[]{"territory_appeared", "appeared", "created"}
						}
					</env:property>
				</env:perceptgenerator>
				
				<env:perceptprocessor componenttype="ReactAge" class="DefaultBDIVisionProcessor" >
					<env:property name="percepttypes">
						new Object[]
						{
							new String[]{"territory_appeared", "add", "gameBoard"} 
							
						}
					</env:property>
				</env:perceptprocessor>
				
			</env:percepttypes>

            <env:dataviews>
                <env:dataview name="all_view" class="GeneralDataView2D" />
            </env:dataviews>


            <env:perspectives>
                <env:perspective name="icons" class="Perspective2D" objectplacement="center">
                    <!--<env:drawable objecttype="wanderer" height="1.0" width="1.0">
                        <env:texturedrectangle layer="2" imagepath="images/wanderer.png"/>
                        
                        
                    </env:drawable> -->

                    <env:drawable objecttype="Territory" height="1.0" width="1.0">
                        
                        <env:ellipse layer="1" size="size" color="ownerColor">

                            
                        </env:ellipse>

			<!-- passar o size como variavel: nao funciona bem, para ja fica explicito -->
						<env:text layer="2" x="0.05" y="0.5" color="black" text="$armySize$" align="center" abssize="true" size="8">
						
						
						</env:text>
						
                       <!-- <env:texturedrectangle layer="1" imagepath="images/terrain_3.png">
                            <env:drawcondition>$object.type.equals(1)</env:drawcondition>
                        </env:texturedrectangle>

                        <env:texturedrectangle layer="1" imagepath="images/terrain_4.png">
                            <env:drawcondition>$object.type.equals(2)</env:drawcondition>
                        </env:texturedrectangle>-->

                    </env:drawable> 

                    <env:prelayers>
                     	
                        <env:colorlayer color="#82CAFA" />
                        <env:tiledlayer width="1" height="1" imagepath="images/riskmap.png" />
                    </env:prelayers>

                     <env:postlayers>
                        
                       <!-- <env:gridlayer width="1.0" height="1.0" color="black" /> -->
                    </env:postlayers>
                </env:perspective>
            </env:perspectives>

            <!-- executor -->
            <env:spaceexecutor class="DeltaTimeExecutor">
                <env:property name="space">$space</env:property>
                <env:property name="tick">true</env:property>
            </env:spaceexecutor>
        </env:envspacetype>
    </extensiontypes>

   <componenttypes>
        <componenttype name="Playerbdi" filename="agents\PlayerBDI.class"/>
        <componenttype name="ReactAge" filename="agents\PlayerReactiveAgent.class"/>
    </componenttypes>

    <configurations>
        <configuration name="Default">
            <extensions>
                <env:envspace name="2dspace" type="2dspace">

                    <env:processes>
                       	<env:process type="start"/>
                    </env:processes>


                    
                    <env:dataproviders>
                    	<env:dataprovider name="boardinfo">
                    		<env:source name="$territoriesnames" objecttype="Territory" aggregate="true">
             
                    		</env:source>
                    		
                    		<!--<env:data name="time">$tick</env:data>-->
           					<env:data name="territoryname">$territoriesnames.territoryname</env:data>
                    	
                    	</env:dataprovider>
                    </env:dataproviders>
                    
                    
                   <!-- <env:dataconsumers>
                    	<env:dataconsumer name="t_name_file" class="CSVFileDataConsumer">
                    	<env:property name="dataprovider">"boardinfo"</env:property>
							<env:property name="title">"Territories Name"</env:property>
							<env:property name="filename">"terrnamefile.csv"</env:property>
                    	</env:dataconsumer>
                   </env:dataconsumers>-->
                   
                   
                    <env:observers>
                     
                        
                        <env:observer name="RISK" dataview="view_all" perspective="icons">
							<!--<env:plugin name="evaluation" class="EvaluationPlugin">
								<env:property name="component_0">((CSVFileDataConsumer)$space.getDataConsumer("t_name_chart")).consumeData(1,1)</env:property>
							</env:plugin>-->
						</env:observer>
                    </env:observers>
                   
                   
                </env:envspace>
            </extensions>

            <components>
               
               <component type="ReactAge"/>
               <component type="ReactAge"/>
            </components>

        </configuration>
    </configurations>

</applicationtype>